{
    "os": "macOS-10.16-x86_64-i386-64bit",
    "python": "3.9.13",
    "heartbeatAt": "2023-03-19T12:16:22.386935",
    "startedAt": "2023-03-19T12:16:18.993975",
    "docker": null,
    "cuda": null,
    "args": [
        "--horizon",
        "6",
        "--num_threads",
        "3",
        "--temp_path",
        "/Users/guojiacheng/Desktop/code/result.txt",
        "--exp_name",
        "s1",
        "--seed",
        "1"
    ],
    "state": "running",
    "program": "/Users/guojiacheng/Desktop/pomdp_experimet_uniform/main.py",
    "codePath": "main.py",
    "host": "guojiachengdeMacBook-Pro.local",
    "username": "guojiacheng",
    "executable": "/Users/guojiacheng/opt/anaconda3/bin/python",
    "cpu_count": 10,
    "cpu_count_logical": 10,
    "cpu_freq": {
        "current": 2400,
        "min": 2400,
        "max": 2400
    },
    "cpu_freq_per_core": [
        {
            "current": 2400,
            "min": 2400,
            "max": 2400
        }
    ],
    "disk": {
        "total": 926.3517189025879,
        "used": 73.74880981445312
    },
    "memory": {
        "total": 16.0
    }
}
